{
    "node":[{
        "nodeId": "a-1",
        "nodeName": "OUR BRAND",
        "href": "",
        "title": "OUR BRAND"
    },{
        "nodeId": "a-2",
        "nodeName": "ABOUT OPTOMA",
        "href": "",
        "title": "ABOUT OPTOMA"
    },{
        "nodeId": "a-3",
        "nodeName": "APPLCATIONS",
        "childrenNode": [{
            "nodeId": "a-3.1",
            "nodeName": "Home",
            "href": "./index.php?page=1#sec1",
            "title": "Home"
        }, {
            "nodeId": "a-3.2",
            "nodeName": "Education",
            "href": "./index.php?page=1#sec2",
            "title": "Education"
        }, {
            "nodeId": "a-3.3",
            "nodeName": "Corporate",
            "href": "./index.php?page=1#sec3",
            "title": "Corporate"
        }, {
            "nodeId": "a-3.4",
            "nodeName": "Performance",
            "href": "./index.php?page=1#sec4",
            "title": "Performance"
        }, {
            "nodeId": "a-3.5",
            "nodeName": "House of Worship",
            "href": "./index.php?page=1#sec5",
            "title": "House of Worship"
        }, {
            "nodeId": "a-3.4",
            "nodeName": "Medical",
            "href": "./index.php?page=1#sec6",
            "title": "Medical"
        }, {
            "nodeId": "a-3.4",
            "nodeName": "Gaming",
            "href": "./index.php?page=1#sec7",
            "title": "Gaming"
        }, {
            "nodeId": "a-3.4",
            "nodeName": "Building Projection",
            "href": "./index.php?page=1#sec8",
            "title": "Building Projection"
        }, {
            "nodeId": "a-3.4",
            "nodeName": "Museums",
            "href": "./index.php?page=1#sec9",
            "title": "Museums"
        }, {
            "nodeId": "a-3.4",
            "nodeName": "Retail Signage",
            "href": "./index.php?page=1#sec10",
            "title": "Retail Signage"
        }, {
            "nodeId": "a-3.4",
            "nodeName": "Simulation",
            "href": "./index.php?page=1#sec11",
            "title": "Simulation"
        }]
    },{
        "nodeId": "a-4",
        "nodeName": "INNOVATION",
        "href": "",
        "title": "INNOVATION"
    },{
        "nodeId": "a-5",
        "nodeName": "DESIQN",
        "href": "",
        "title": "DESIQN"
    },{
        "nodeId": "a-6",
        "nodeName": "KNOWLEGE CENTER",
        "href": "./index.php?page=2",
        "title": "KNOWLEGE CENTER"
    }]
}