{
    "homeApplications":[{
        "src": "./images/banner/main-page_home.jpg",
        "alt": "Home",
        "heading": "Home",
        "href": "",
        "title": "Home"
    },{
        "src": "./images/banner/main-page_House of Worship.jpg",
        "alt": "House of Worship",
        "heading": "House of Worship",
        "href": "",
        "title": "House of Worship"
    },{
        "src": "./images/banner/main-page_Medical.jpg",
        "alt": "Medical",
        "heading": "Medical",
        "href": "",
        "title": "Medical"
    },{
        "src": "./images/banner/main-page_Museums.jpg",
        "alt": "Museums",
        "heading": "Museums",
        "href": "",
        "title": "Museums"
    },{
        "src": "./images/banner/main-page_Portable.jpg",
        "alt": "Portable",
        "heading": "Portable",
        "href": "",
        "title": "Portable"
    },{
        "src": "./images/banner/main-page_Public Sector.jpg",
        "alt": "Sector",
        "heading": "Sector",
        "href": "",
        "title": "Sector"
    },{
        "src": "./images/banner/main-page_Retail.jpg",
        "alt": "Retail",
        "heading": "Retail",
        "href": "",
        "title": "Retail"
    },{
        "src": "./images/banner/main-page_Simulation.jpg",
        "alt": "Simulation",
        "heading": "Simulation",
        "href": "",
        "title": "Simulation"
    }],
    "bannerApplications":[{
        "src": "./images/banner/main-page_home.jpg",
        "alt": "Home",
        "heading": "Home",
        "description": "Delivering comprehensive bing image solutions that enhance communication and reinforce collaboration."
    },{
        "src": "./images/banner/main-page_House of Worship.jpg",
        "alt": "House of Worship",
        "heading": "House of Worship",
        "description": "Delivering comprehensive bing image solutions that enhance communication and reinforce collaboration."
    },{
        "src": "./images/banner/main-page_Medical.jpg",
        "alt": "Medical",
        "heading": "Medical",
        "description": "Delivering comprehensive bing image solutions that enhance communication and reinforce collaboration."
    },{
        "src": "./images/banner/main-page_Museums.jpg",
        "alt": "Museums",
        "heading": "Museums",
        "description": "Delivering comprehensive bing image solutions that enhance communication and reinforce collaboration."
    },{
        "src": "./images/banner/main-page_Portable.jpg",
        "alt": "Portable",
        "heading": "Portable",
        "description": "Delivering comprehensive bing image solutions that enhance communication and reinforce collaboration."
    },{
        "src": "./images/banner/main-page_Public Sector.jpg",
        "alt": "Sector",
        "heading": "Sector",
        "description": "Delivering comprehensive bing image solutions that enhance communication and reinforce collaboration."
    },{
        "src": "./images/banner/main-page_Retail.jpg",
        "alt": "Retail",
        "heading": "Retail",
        "description": "Delivering comprehensive bing image solutions that enhance communication and reinforce collaboration."
    },{
        "src": "./images/banner/main-page_Simulation.jpg",
        "alt": "Simulation",
        "heading": "Simulation",
        "description": "Delivering comprehensive bing image solutions that enhance communication and reinforce collaboration."
    }],
    "navbarApplications":[{
        "heading": "Home",
        "href": "#Home",
        "title": "Home"
    },{
        "heading": "Entertainment",
        "href": "#Entertainment",
        "title": "Entertainment"
    },{
        "heading": "Education & Training",
        "href": "#Education & Training",
        "title": "Education & Training"
    },{
        "heading": "House of Worship",
        "href": "#House of Worship",
        "title": "House of Worship"
    },{
        "heading": "Retail",
        "href": "#Retail",
        "title": "Retail"
    },{
        "heading": "Corporate",
        "href": "#Corporate",
        "title": "Corporate"
    },{
        "heading": "Portable",
        "href": "#Portable",
        "title": "Portable"
    },{
        "heading": "Medical",
        "href": "#Medical",
        "title": "Medical"
    },{
        "heading": "Museums",
        "href": "#Museums",
        "title": "Museums"
    },{
        "heading": "Gaming",
        "href": "#Gaming",
        "title": "Gaming"
    },{
        "heading": "Public Sectors",
        "href": "#Public Sectors",
        "title": "Public Sectors"
    },{
        "heading": "Simulation",
        "href": "#Simulation",
        "title": "Simulation"
    }]
}