{
    "milestones":[{
        "year": "2002",
        "src": "./images/about/2002.png",
        "figcaption": "Optoma Corporation established",
        "href": "",
        "title": ""
    },{
        "year": "2003",
        "src": "./images/about/2003.png",
        "figcaption": "Optoma launched RD65- World’s Largest 65” Rear-Projection TV",
        "href": "",
        "title": ""
    },{
        "year": "2004",
        "src": "./images/about/2004.png",
        "figcaption": "The H30 won the CES 2004 Innovations Award.",
        "href": "",
        "title": ""
    },{
        "year": "2005",
        "src": "./images/about/2005.png",
        "figcaption": "Announced revolutionary MovieTime™ DV10, the all-in-one digital DVD projector at CES 2005.Optoma's SV50XF DLP® TV wins the CES 2005 Innovations Award.",
        "href": "",
        "title": ""
    },{
        "year": "2006",
        "src": "./images/about/2006.png",
        "figcaption": "Optoma launched HD81- World’s 1st 1080P Home Cinema Projector",
        "href": "",
        "title": ""
    },{
        "year": "2007",
        "src": "./images/about/2007.png",
        "figcaption": "The NO.1 selling DLP® projector brand worldwide in 2007 (PMA Research).",
        "href": "",
        "title": ""
    },{
        "year": "2008",
        "src": "./images/about/2008.png",
        "figcaption": "Optoma launched PK101 -World’s 1st Pico Projector",
        "href": "",
        "title": ""
    },{
        "year": "2009",
        "src": "./images/about/2009.png",
        "figcaption": "Winner of the 'Good Design Award' for EX525ST, PK101, and EP783 announced by the Ministry of Economic Affairs, Taiwan.",
        "href": "",
        "title": ""
    },{
        "year": "2010",
        "src": "./images/about/2010.png",
        "figcaption": "Optoma's HD86 won the CEA 2010 Best Projector Award. Launched world’s first 3D projector adaptor (3D-XL).",
        "href": "",
        "title": ""
    },{
        "year": "2011",
        "src": "./images/about/2011.png",
        "figcaption": "Announced world's first iPod dock pico projector, the Neo-i The Neo-i went on to win the CES Innovation Award.",
        "href": "",
        "title": ""
    },{
        "year": "2012",
        "src": "./images/about/2012.png",
        "figcaption": "Optoma launched ZX210ST/ZW210ST- Optoma’s 1st Laser-LED Hybrid projector",
        "href": "",
        "title": ""
    },{
        "year": "2013",
        "src": "./images/about/2013.png",
        "figcaption": "Launched evolutionary ultra-mobile LED projector range, the ML750 and ML1000.",
        "href": "",
        "title": ""
    },{
        "year": "2015",
        "src": "./images/about/2015.png",
        "figcaption": "Launched the ZU650, Optoma’s first projector utilizing laser phosphor illumination technology.",
        "href": "",
        "title": ""
    },{
        "year": "2016",
        "src": "./images/about/2016.png",
        "figcaption": "Announced industry first IP-certified, dust resistant DuraCore laser light engine line-up:ZU650+, ZU850, ZU510T, ZH/ZW400UST/i",
        "href": "",
        "title": ""
    },{
        "year": "2017",
        "src": "./images/about/2017.png",
        "figcaption": "Optoma launched ProScene ZU850 featuring multicolor laser projector with ultimate color performance",
        "href": "",
        "title": ""
    },{
        "year": "2018",
        "src": "./images/about/2018.jpg",
        "figcaption": "Announced World’s 1st Smart Projector to support home automation, voice control, personal media center and App Marketplace (UHL55) (UHD51A)",
        "href": "",
        "title": ""
    },{
        "year": "2019",
        "src": "./images/about/2019-1.png",
        "figcaption": "Announced all-in-one QUAD LED display (FHDQ130), ProScene 4K UHD Laser Projector (ZK1050) and the Dolby Digital 2.0 Smart 4K UHD Laser Cinema (P1)",
        "href": "",
        "title": ""
    }]
}