{   
    "banner":[{
        "type": "image",
        "src": "./images/design/design-banner.jpg",
        "alt": "Optoma Design",
        "heading": "Optoma Design",
        "description": "Users first, design follows, technology supports."
    },{
        "type": "image",
        "src": "./images/design/design-banner.jpg",
        "alt": "Optoma Design",
        "heading": "Optoma Design",
        "description": "Users first, design follows, technology supports."
    },{
        "type": "youtobe",
        "src": "https://www.youtube.com/watch?v=Rr4WH3qRpd8",
        "alt": "OptomaAsia",
        "heading": "OptomaAsia",
        "description": "Users first, design follows, technology supports."
    }],
    "list":[{
        "keyword": ["design"],
        "article": [{
            "type": "post",
            "url": "index.php?page=detail",
            "heading": "P1",
            "figcaption": "Optoma 4K UHD HDR Laser Cinema",
            "paragraph": "",
            "title": "P1",
            "src": "./images/design/design-img1.png"
        }]
    },{
        "keyword": ["design"],
        "article": [{
            "type": "post",
            "url": "index.php?page=detail",
            "heading": "",
            "figcaption": "From home cinema to home decor",
            "paragraph": "",
            "title": "From home cinema to home decor",
            "src": "./images/design/design-img2.png"
        },{
            "type": "post",
            "url": "index.php?page=detail",
            "heading": "",
            "figcaption": "Just music. No crosstalk.",
            "paragraph": "",
            "title": "Just music. No crosstalk.",
            "src": "./images/design/design-img3.png"
        },{
            "type": "post",
            "url": "index.php?page=detail",
            "heading": "",
            "figcaption": "Reclaim your space",
            "paragraph": "",
            "title": "Reclaim your space",
            "src": "./images/design/design-img4.png"
        },{
            "type": "post",
            "url": "index.php?page=detail",
            "heading": "",
            "figcaption": "Amazon Alexa and Google Assistant voice control",
            "paragraph": "",
            "title": "Amazon Alexa and Google Assistant voice control",
            "src": "./images/design/design-img5.png"
        }]
    },{
        "keyword": ["design"],
        "article": [{
            "type": "post",
            "url": "index.php?page=detail",
            "heading": "UHD65",
            "figcaption": "A greater sense of realism in every scene",
            "paragraph": "",
            "title": "UHD65",
            "src": "./images/design/design-img6.png"
        }]
    },{
        "keyword": ["design"],
        "article": [{
            "type": "post",
            "url": "index.php?page=detail",
            "heading": "LV130",
            "figcaption": "Stunning images with ultimate convenience",
            "paragraph": "",
            "title": "LV130",
            "src": "./images/design/design-img7.png"
        }]
    },{
        "keyword": ["design"],
        "article": [{
            "type": "post",
            "url": "index.php?page=detail",
            "heading": "UHL55",
            "figcaption": "World’s 1st Smart Projector supporting home automation, voice control, a personal media center and an App Marketplace",
            "paragraph": "",
            "title": "UHL55",
            "src": "./images/design/design-img8.png"
        }]
    },{
        "keyword": ["design"],
        "article": [{
            "type": "post",
            "url": "index.php?page=detail",
            "heading": "",
            "figcaption": "Built-in stereo with superior sound",
            "paragraph": "",
            "title": "Built-in stereo with superior sound",
            "src": "./images/design/design-img9.png"
        },{
            "type": "post",
            "url": "index.php?page=detail",
            "heading": "",
            "figcaption": "Compatible with thousands of smart devices",
            "paragraph": "",
            "title": "Compatible with thousands of smart devices",
            "src": "./images/design/design-img10.png"
        },{
            "type": "post",
            "url": "index.php?page=detail",
            "heading": "",
            "figcaption": "Play 4K videos straight from a USB memory stick",
            "paragraph": "",
            "title": "Play 4K videos straight from a USB memory stick",
            "src": "./images/design/design-img11.png"
        },{
            "type": "post",
            "url": "index.php?page=detail",
            "heading": "",
            "figcaption": "Built-in stereo with superior sound YouTube, Spotify and more...",
            "paragraph": "",
            "title": "Built-in stereo with superior sound YouTube, Spotify and more...",
            "src": "./images/design/design-img12.png"
        }]
    }]
}