{
    "recommend": [{
        "type": "post",
        "url": "index.php?page=detail",
        "heading": "",
        "figcaption": "Built-in stereo with superior sound",
        "paragraph": "",
        "title": "Built-in stereo with superior sound",
        "alt": "Built-in stereo with superior sound",
        "src": "./images/detail/detail-recommend04.jpg"
    },{
        "type": "post",
        "url": "index.php?page=detail",
        "heading": "",
        "figcaption": "Compatible with thousands of smart devices",
        "paragraph": "",
        "title": "Compatible with thousands of smart devices",
        "alt": "Compatible with thousands of smart devices",
        "src": "./images/detail/detail-recommend02.jpg"
    },{
        "type": "post",
        "url": "index.php?page=detail",
        "heading": "",
        "figcaption": "Play 4K videos straight from a USB memory stick",
        "paragraph": "",
        "title": "Play 4K videos straight from a USB memory stick",
        "alt": "Play 4K videos straight from a USB memory stick",
        "src": "./images/detail/detail-recommend03.jpg"
    },{
        "type": "post",
        "url": "index.php?page=detail",
        "heading": "",
        "figcaption": "Built-in stereo with superior sound YouTube, Spotify and more...",
        "paragraph": "",
        "title": "Built-in stereo with superior sound YouTube, Spotify and more...",
        "alt": "Built-in stereo with superior sound YouTube, Spotify and more...",
        "src": "./images/detail/detail-recommend01.jpg"
    }]
}