{
    "banner":[{
        "type": "image",
        "src": "./images/innovation/innovation-banner.jpg",
        "alt": "Leading through Innovation",
        "heading": "Leading through<br/>Innovation",
        "description": "Delivering comprehensive bing image solutions that enhance communication and reinforce collaboration."
    },{
        "type": "image",
        "src": "./images/innovation/innovation-banner.jpg",
        "alt": "Leading through Innovation",
        "heading": "Leading through<br/>Innovation",
        "description": "Dream. Create. Inspire."
    },{
        "type": "youtobe",
        "src": "https://www.youtube.com/watch?v=Rr4WH3qRpd8",
        "alt": "OptomaAsia",
        "heading": "OptomaAsia",
        "description": "Dream. Create. Inspire."
    }],
    "list":[{
        "keyword": ["Wireless"],
        "article": [{
            "type": "post",
            "url": "index.php?page=detail",
            "heading": "Voice assistant",
            "figcaption": "Optoma is the first projector brand to support Amazon Alexa and Google Assistant services. Connect your projector for seamless hands-free control.",
            "paragraph": "",
            "title": "Voice assistant",
            "src": "./images/innovation/innovation-img1.png"
        }]
    },{
        "keyword": ["Wireless"],
        "article": [{
            "type": "post",
            "url": "index.php?page=detail",
            "heading": "InfoWall",
            "figcaption": "Optoma’s InfoWall can be scheduled to make personalized information accessible, when you want it, the way you want it. ",
            "paragraph": "",
            "title": "InfoWall",
            "src": "./images/innovation/innovation-img2.png"
        }]
    },{
        "keyword": ["Wireless"],
        "article": [{
            "type": "post",
            "url": "index.php?page=detail",
            "heading": "Optoma Connect",
            "figcaption": "The convenient gateway to set up and customize your InfoWall.",
            "paragraph": "",
            "title": "Optoma Connect",
            "src": "./images/innovation/innovation-img3.png"
        }]
    },{
        "keyword": ["Wireless"],
        "article": [{
            "type": "post",
            "url": "index.php?page=detail",
            "heading": "IFTTT",
            "figcaption": "Seamlessly integrating your projector with your smart home ecosystem.",
            "paragraph": "",
            "title": "IFTTT",
            "src": "./images/innovation/innovation-img4.png"
        }]
    },{
        "keyword": ["Smart"],
        "article": [{
            "type": "post",
            "url": "index.php?page=detail",
            "heading": "QuickCast Pro",
            "figcaption": "No installation needed. Share your screen with a click of a button.",
            "paragraph": "",
            "title": "QuickCast Pro",
            "src": "./images/innovation/innovation-img5.png"
        }]
    },{
        "keyword": ["Smart"],
        "article": [{
            "type": "post",
            "url": "index.php?page=detail",
            "heading": "UHDCast Pro",
            "figcaption": "Enjoy screen sharing to any projector. ",
            "paragraph": "",
            "title": "UHDCast Pro",
            "src": "./images/innovation/innovation-img6.png"
        }]
    },{
        "keyword": ["Smart"],
        "article": [{
            "type": "post",
            "url": "index.php?page=detail",
            "heading": "TapCast",
            "figcaption": "The smartphone APP to screen share and remote control with ease.",
            "paragraph": "",
            "title": "TapCast",
            "src": "./images/innovation/innovation-img7.png"
        }]
    },{
        "keyword": ["Smart"],
        "article": [{
            "type": "post",
            "url": "index.php?page=detail",
            "heading": "TapCast Pro",
            "figcaption": "Using smartphone APP to achieve wireless projection and various control functions<br/>on Smart projectors, IFPs and Smart Panels. ",
            "paragraph": "",
            "title": "TapCast Pro",
            "src": "./images/innovation/innovation-img8.png"
        }]
    }],
    "keyword":["Smart","Wireless"]
}