{
    "node":[{
        "nodeId": "a-1",
        "nodeName": "OUR BRAND",
        "href": "./index.php?page=ourbraud",
        "title": "OUR BRAND"
    },{
        "nodeId": "a-2",
        "nodeName": "ABOUT OPTOMA",
        "href": "./index.php?page=about",
        "title": "ABOUT OPTOMA"
    },{
        "nodeId": "a-3",
        "nodeName": "APPLICATIONS",
        "childrenNode": [{
            "nodeId": "a-3.1",
            "nodeName": "Home",
            "href": "./index.php?page=applications#sec1",
            "title": "Home"
        }, {
            "nodeId": "a-3.2",
            "nodeName": "Entertainment",
            "href": "./index.php?page=applications#sec2",
            "title": "Entertainment"
        }, {
            "nodeId": "a-3.3",
            "nodeName": "Education & Training",
            "href": "./index.php?page=applications#sec3",
            "title": "Education & Training"
        }, {
            "nodeId": "a-3.4",
            "nodeName": "House of Worship",
            "href": "./index.php?page=applications#sec4",
            "title": "House of Worship"
        }, {
            "nodeId": "a-3.5",
            "nodeName": "Retail",
            "href": "./index.php?page=applications#sec5",
            "title": "Retail"
        }, {
            "nodeId": "a-3.6",
            "nodeName": "Corporate",
            "href": "./index.php?page=applications#sec6",
            "title": "Corporate"
        }, {
            "nodeId": "a-3.7",
            "nodeName": "Portable",
            "href": "./index.php?page=applications#sec7",
            "title": "Portable"
        }, {
            "nodeId": "a-3.8",
            "nodeName": "Medical",
            "href": "./index.php?page=applications#sec8",
            "title": "Medical"
        }, {
            "nodeId": "a-3.9",
            "nodeName": "Museums",
            "href": "./index.php?page=applications#sec9",
            "title": "Museums"
        }, {
            "nodeId": "a-3.10",
            "nodeName": "Gaming",
            "href": "./index.php?page=applications#sec10",
            "title": "Gaming"
        }, {
            "nodeId": "a-3.11",
            "nodeName": "Public Sectors",
            "href": "./index.php?page=applications#sec11",
            "title": "Public Sectors"
        }, {
            "nodeId": "a-3.12",
            "nodeName": "Simulation",
            "href": "./index.php?page=applications#sec12",
            "title": "Simulation"
        }]
    },{
        "nodeId": "a-4",
        "nodeName": "INNOVATION",
        "href": "./index.php?page=innovation",
        "title": "INNOVATION"
    },{
        "nodeId": "a-5",
        "nodeName": "DESIGN",
        "href": "./index.php?page=design",
        "title": "DESIGN"
    },{
        "nodeId": "a-6",
        "nodeName": "KNOWLEGE CENTER",
        "href": "./index.php?page=knowledge",
        "title": "KNOWLEGE CENTER"
    }]
}