{
    "homeApplications":[{
        "src": "./images/banner/main-page_home.jpg",
        "alt": "Home",
        "heading": "Home",
        "href": "./index.php?page=applications#sec1",
        "title": "Home"
    },{
        "src": "./images/banner/main-page_House of Worship.jpg",
        "alt": "House of Worship",
        "heading": "House of Worship",
        "href": "./index.php?page=applications#sec4",
        "title": "House of Worship"
    },{
        "src": "./images/banner/main-page_Medical.jpg",
        "alt": "Medical",
        "heading": "Medical",
        "href": "./index.php?page=applications#sec8",
        "title": "Medical"
    },{
        "src": "./images/banner/main-page_Museums.jpg",
        "alt": "Museums",
        "heading": "Museums",
        "href": "./index.php?page=applications#sec9",
        "title": "Museums"
    },{
        "src": "./images/banner/main-page_Portable.jpg",
        "alt": "Portable",
        "heading": "Portable",
        "href": "./index.php?page=applications#sec7",
        "title": "Portable"
    },{
        "src": "./images/banner/main-page_Public Sector.jpg",
        "alt": "Sector",
        "heading": "Sector",
        "href": "./index.php?page=applications#sec11",
        "title": "Sector"
    },{
        "src": "./images/banner/main-page_Retail.jpg",
        "alt": "Retail",
        "heading": "Retail",
        "href": "./index.php?page=applications#sec5",
        "title": "Retail"
    },{
        "src": "./images/banner/main-page_Simulation.jpg",
        "alt": "Simulation",
        "heading": "Simulation",
        "href": "./index.php?page=applications#sec12",
        "title": "Simulation"
    }],
    "bannerApplications":[{
        "type": "image",
        "src": "./images/banner/main-page_home.jpg",
        "alt": "Home",
        "heading": "Home",
        "description": "Delivering comprehensive bing image solutions that enhance communication and reinforce collaboration."
    },{
        "type": "image",
        "src": "./images/banner/main-page_House of Worship.jpg",
        "alt": "House of Worship",
        "heading": "House of Worship",
        "description": "Delivering comprehensive bing image solutions that enhance communication and reinforce collaboration."
    },{
        "type": "image",
        "src": "./images/banner/main-page_Medical.jpg",
        "alt": "Medical",
        "heading": "Medical",
        "description": "Delivering comprehensive bing image solutions that enhance communication and reinforce collaboration."
    },{
        "type": "image",
        "src": "./images/banner/main-page_Museums.jpg",
        "alt": "Museums",
        "heading": "Museums",
        "description": "Delivering comprehensive bing image solutions that enhance communication and reinforce collaboration."
    },{
        "type": "image",
        "src": "./images/banner/main-page_Portable.jpg",
        "alt": "Portable",
        "heading": "Portable",
        "description": "Delivering comprehensive bing image solutions that enhance communication and reinforce collaboration."
    },{
        "type": "image",
        "src": "./images/banner/main-page_Public Sector.jpg",
        "alt": "Sector",
        "heading": "Sector",
        "description": "Delivering comprehensive bing image solutions that enhance communication and reinforce collaboration."
    },{
        "type": "image",
        "src": "./images/banner/main-page_Retail.jpg",
        "alt": "Retail",
        "heading": "Retail",
        "description": "Delivering comprehensive bing image solutions that enhance communication and reinforce collaboration."
    },{
        "type": "image",
        "src": "./images/banner/main-page_Simulation.jpg",
        "alt": "Simulation",
        "heading": "Simulation",
        "description": "Delivering comprehensive bing image solutions that enhance communication and reinforce collaboration."
    },{
        "type": "youtobe",
        "src": "https://www.youtube.com/watch?v=RD6x79PyJR0",
        "alt": "OptomaAsia",
        "heading": "OptomaAsia",
        "description": "Delivering comprehensive bing image solutions that enhance communication and reinforce collaboration."
    }],
    "navbarApplications":[{
        "heading": "Home",
        "href": "#sec1",
        "title": "Home"
    },{
        "heading": "Entertainment",
        "href": "#sec2",
        "title": "Entertainment"
    },{
        "heading": "Education & Training",
        "href": "#sec3",
        "title": "Education & Training"
    },{
        "heading": "House of Worship",
        "href": "#sec4",
        "title": "House of Worship"
    },{
        "heading": "Retail",
        "href": "#sec5",
        "title": "Retail"
    },{
        "heading": "Corporate",
        "href": "#sec6",
        "title": "Corporate"
    },{
        "heading": "Portable",
        "href": "#sec7",
        "title": "Portable"
    },{
        "heading": "Medical",
        "href": "#sec8",
        "title": "Medical"
    },{
        "heading": "Museums",
        "href": "#sec9",
        "title": "Museums"
    },{
        "heading": "Gaming",
        "href": "#sec10",
        "title": "Gaming"
    },{
        "heading": "Public Sectors",
        "href": "#sec11",
        "title": "Public Sectors"
    },{
        "heading": "Simulation",
        "href": "#sec12",
        "title": "Simulation"
    }],
    "about":[{
        "year": "2002",
        "src": "./images/about/2002.png",
        "figcaption": "Optoma Corporation established",
        "href": "",
        "title": ""
    },{
        "year": "2003",
        "src": "./images/about/2003.png",
        "figcaption": "Optoma launched RD65- World’s Largest 65” Rear-Projection TV",
        "href": "",
        "title": ""
    },{
        "year": "2004",
        "src": "./images/about/2004.png",
        "figcaption": "The H30 won the CES 2004 Innovations Award.",
        "href": "",
        "title": ""
    },{
        "year": "2005",
        "src": "./images/about/2005.png",
        "figcaption": "Announced revolutionary MovieTime™ DV10, the all-in-one digital DVD projector at CES 2005.Optoma's SV50XF DLP® TV wins the CES 2005 Innovations Award.",
        "href": "",
        "title": ""
    },{
        "year": "2006",
        "src": "./images/about/2006.png",
        "figcaption": "Optoma launched HD81- World’s 1st 1080P Home Cinema Projector",
        "href": "",
        "title": ""
    },{
        "year": "2007",
        "src": "./images/about/2007.png",
        "figcaption": "The NO.1 selling DLP® projector brand worldwide in 2007 (PMA Research).",
        "href": "",
        "title": ""
    },{
        "year": "2008",
        "src": "./images/about/2008.png",
        "figcaption": "Optoma launched PK101 -World’s 1st Pico Projector",
        "href": "",
        "title": ""
    },{
        "year": "2009",
        "src": "./images/about/2009.png",
        "figcaption": "Winner of the 'Good Design Award' for EX525ST, PK101, and EP783 announced by the Ministry of Economic Affairs, Taiwan.",
        "href": "",
        "title": ""
    },{
        "year": "2010",
        "src": "./images/about/2010.png",
        "figcaption": "Optoma's HD86 won the CEA 2010 Best Projector Award. Launched world’s first 3D projector adaptor (3D-XL).",
        "href": "",
        "title": ""
    },{
        "year": "2011",
        "src": "./images/about/2011.png",
        "figcaption": "Announced world's first iPod dock pico projector, the Neo-i The Neo-i went on to win the CES Innovation Award.",
        "href": "",
        "title": ""
    },{
        "year": "2012",
        "src": "./images/about/2012.png",
        "figcaption": "Optoma launched ZX210ST/ZW210ST- Optoma’s 1st Laser-LED Hybrid projector",
        "href": "",
        "title": ""
    },{
        "year": "2013",
        "src": "./images/about/2013.png",
        "figcaption": "Launched evolutionary ultra-mobile LED projector range, the ML750 and ML1000.",
        "href": "",
        "title": ""
    },{
        "year": "2015",
        "src": "./images/about/2015.png",
        "figcaption": "Launched the ZU650, Optoma’s first projector utilizing laser phosphor illumination technology.",
        "href": "",
        "title": ""
    },{
        "year": "2016",
        "src": "./images/about/2016.png",
        "figcaption": "Announced industry first IP-certified, dust resistant DuraCore laser light engine line-up:ZU650+, ZU850, ZU510T, ZH/ZW400UST/i",
        "href": "",
        "title": ""
    },{
        "year": "2017",
        "src": "./images/about/2017.png",
        "figcaption": "Optoma launched ProScene ZU850 featuring multicolor laser projector with ultimate color performance",
        "href": "",
        "title": ""
    },{
        "year": "2018",
        "src": "./images/about/2018.png",
        "figcaption": "Optoma launched World’s 1st Smart Projector to support home automation, voice control, personal media center and App Marketplace (UHL55)",
        "href": "",
        "title": ""
    },{
        "year": "2019",
        "src": "./images/about/2019-1.png",
        "figcaption": "Optoma’s 130\" Full HD 1080P award-winning all-in-one QUAD LED display integrates HQUltra and media player technology for an easy out-of-the-box installation (FHDQ130)",
        "href": "",
        "title": ""
    },{
        "year": "2019",
        "src": "./images/about/2019-2.png",
        "figcaption": "Optoma launched high brightness ProScene ZK1050 4K UHD Laser Projector",
        "href": "",
        "title": ""
    },{
        "year": "2019",
        "src": "./images/about/2019-3.png",
        "figcaption": "Optoma launched the Dolby Digital 2.0 all-in-one Smart 4K UHD Laser Cinema P1 Ultra-Short Throw Projector for Home",
        "href": "",
        "title": ""
    }],
    "bannerOurBraud":[{
        "type": "image",
        "src": "./images/ourBrand/ourBrand-banner.png",
        "alt": "Our Braud",
        "heading": "Our Braud",
        "description": "See more, Hear more."
    },{
        "type": "image",
        "src": "./images/ourBrand/ourBrand-banner.png",
        "alt": "Our Braud",
        "heading": "Our Braud",
        "description": "See more, Hear more."
    },{
        "type": "image",
        "src": "./images/ourBrand/ourBrand-banner.png",
        "alt": "Our Braud",
        "heading": "Our Braud",
        "description": "See more, Hear more."
    },{
        "type": "youtobe",
        "src": "https://www.youtube.com/watch?v=RD6x79PyJR0",
        "alt": "Our Braud",
        "heading": "Our Braud",
        "description": "See more, Hear more."
    }],
    "awardsOurBraud":[{
        "src": "./images/ourBrand/ourBrand-sec3-img1.png",
        "alt": "Our Braud",
        "description": "Projector Central 2019 Infocomm Best of Show Award"
    },{
        "src": "./images/ourBrand/ourBrand-sec3-img2.png",
        "alt": "Our Braud",
        "description": "Best of CES Asia 2019 ZOL"
    },{
        "src": "./images/ourBrand/ourBrand-sec3-img3.png",
        "alt": "Our Braud",
        "description": "AV Technology’s Best of Show"
    },{
        "src": "./images/ourBrand/ourBrand-sec3-img4.png",
        "alt": "Our Braud",
        "description": "Amazon’s Choice"
    },{
        "src": "./images/ourBrand/ourBrand-sec3-img5.png",
        "alt": "Our Braud",
        "description": "Gotta Be Mobile Best of CES 2019"
    },{
        "src": "./images/ourBrand/ourBrand-sec3-img6.png",
        "alt": "Our Braud",
        "description": "Engadget Best of CES 2019 Finalist"
    },{
        "src": "./images/ourBrand/ourBrand-sec3-img7.png",
        "alt": "Our Braud",
        "description": "WHAT HI*FI India 5 Stars"
    },{
        "src": "./images/ourBrand/ourBrand-sec3-img8.png",
        "alt": "Our Braud",
        "description": "India T3 Magazine Projector of the Year"
    },{
        "src": "./images/ourBrand/ourBrand-sec3-img9.png",
        "alt": "Our Braud",
        "description": "SVI Shortlisted Trade Award 2019 Finalist"
    },{
        "src": "./images/ourBrand/ourBrand-sec3-img10.png",
        "alt": "Our Braud",
        "description": "Digital Trends Editors’ Choice"
    },{
        "src": "./images/ourBrand/ourBrand-sec3-img11.png",
        "alt": "Our Braud",
        "description": "VGP2018 Summer Award – Japan"
    },{
        "src": "./images/ourBrand/ourBrand-sec3-img12.png",
        "alt": "Our Braud",
        "description": "Taiwan Excellence 2019 Silver Award"
    }],
    "bannerDesign":[{
        "type": "image",
        "src": "./images/design/design-banner.jpg",
        "alt": "Desing Center",
        "heading": "Desing Center",
        "description": "Delivering comprehensive bing image solutions that enhance communication and reinforce collaboration."
    },{
        "type": "image",
        "src": "./images/design/design-banner.jpg",
        "alt": "Desing Center",
        "heading": "Desing Center",
        "description": "Delivering comprehensive bing image solutions that enhance communication and reinforce collaboration."
    },{
        "type": "youtobe",
        "src": "https://www.youtube.com/watch?v=RD6x79PyJR0",
        "alt": "OptomaAsia",
        "heading": "OptomaAsia",
        "description": "Delivering comprehensive bing image solutions that enhance communication and reinforce collaboration."
    }],
    "bannerInnovation":[{
        "type": "image",
        "src": "./images/innovation/innovation-banner.jpg",
        "alt": "Leading through Innovation",
        "heading": "Leading through<br/>Innovation",
        "description": "Delivering comprehensive bing image solutions that enhance communication and reinforce collaboration."
    },{
        "type": "image",
        "src": "./images/innovation/innovation-banner.jpg",
        "alt": "Leading through Innovation",
        "heading": "Leading through<br/>Innovation",
        "description": "Dream. Create. Inspire."
    },{
        "type": "youtobe",
        "src": "https://www.youtube.com/watch?v=RD6x79PyJR0",
        "alt": "OptomaAsia",
        "heading": "OptomaAsia",
        "description": "Dream. Create. Inspire."
    }]
}