{
    "social":[{
        "id": "facebook",
        "icon": {
            "href": "./index.php?page=social#facebook",
            "title": "facebook",
            "src":{
                "disabled": "./images/social/facebook-disabled.png",
                "active": "./images/social/facebook-active.png"
            },
            "alt":{
                "disabled": "facebook",
                "active": "facebook"
            }
        },
        "link": [{
            "src": "./images/social/facebook/uk.jpg",
            "heading": "Optoma UK",
            "title": "Optoma UK",
            "href": ""
        },{
            "src": "./images/social/facebook/usa.jpg",
            "heading": "Optoma USA",
            "title": "Optoma USA",
            "href": ""
        },{
            "src": "./images/social/facebook/taiwan.jpg",
            "heading": "Optoma Taiwan",
            "title": "Optoma Taiwan",
            "href": ""
        },{
            "src": "./images/social/facebook/asia.jpg",
            "heading": "Optoma Asia",
            "title": "Optoma Asia",
            "href": ""
        },{
            "src": "./images/social/facebook/korea.jpg",
            "heading": "Optoma Korea",
            "title": "Optoma Korea",
            "href": ""
        },{
            "src": "./images/social/facebook/hongkong.jpg",
            "heading": "Optoma Hong Kong",
            "title": "Optoma Hong Kong",
            "href": ""
        },{
            "src": "./images/social/facebook/emea.jpg",
            "heading": "Optoma EMEA",
            "title": "Optoma EMEA",
            "href": ""
        }]
    },{
        "id": "youtube",
        "icon": {
            "href": "./index.php?page=social#youtube",
            "title": "youtube",
            "src":{
                "disabled": "./images/social/youtube-disabled.png",
                "active": "./images/social/youtube-active.png"
            },
            "alt":{
                "disabled": "youtube",
                "active": "youtube"
            }
        },
        "link": [{
            "src": "./images/social/youtube/apac.jpg",
            "heading": "Optoma APAC",
            "title": "Optoma APAC",
            "href": ""
        },{
            "src": "./images/social/youtube/emea.jpg",
            "heading": "Optoma EMEA",
            "title": "Optoma EMEA",
            "href": ""
        },{
            "src": "./images/social/youtube/usa.jpg",
            "heading": "Optoma USA",
            "title": "Optoma USA",
            "href": ""
        }]
    },{
        "id": "twitter",
        "icon": {
            "href": "./index.php?page=social#twitter",
            "title": "twitter",
            "src":{
                "disabled": "./images/social/twitter-disabled.png",
                "active": "./images/social/twitter-active.png"
            },
            "alt":{
                "disabled": "twitter",
                "active": "twitter"
            }
        },
        "link": [{
            "src": "./images/social/twitter/emea.jpg",
            "heading": "Optoma EMEA",
            "title": "Optoma EMEA",
            "href": ""
        },{
            "src": "./images/social/twitter/uk.jpg",
            "heading": "Optoma UK",
            "title": "Optoma UK",
            "href": ""
        },{
            "src": "./images/social/twitter/usa.jpg",
            "heading": "Optoma USA",
            "title": "Optoma USA",
            "href": ""
        }]
    },{
        "id": "instagram",
        "icon": {
            "href": "./index.php?page=social#instagram",
            "title": "instagram",
            "src":{
                "disabled": "./images/social/instagram-disabled.png",
                "active": "./images/social/instagram-active.png"
            },
            "alt":{
                "disabled": "instagram",
                "active": "instagram"
            }
        },
        "link": [{
            "src": "./images/social/instagram/uk.jpg",
            "heading": "Optoma UK",
            "title": "Optoma UK",
            "href": ""
        }]
    },{
        "id": "linkedin",
        "icon": {
            "href": "./index.php?page=social#linkedin",
            "title": "linkedin",
            "src":{
                "disabled": "./images/social/linkedin-disabled.png",
                "active": "./images/social/linkedin-active.png"
            },
            "alt":{
                "disabled": "linkedin",
                "active": "linkedin"
            }
        },
        "link": [{
            "src": "./images/social/linkedin/emea.jpg",
            "heading": "Optoma EMEA",
            "title": "Optoma EMEA",
            "href": ""
        },{
            "src": "./images/social/linkedin/usa.jpg",
            "heading": "Optoma USA",
            "title": "Optoma USA",
            "href": ""
        }]
    },{
        "id": "pinterest",
        "icon": {
            "href": "./index.php?page=social#pinterest",
            "title": "pinterest",
            "src":{
                "disabled": "./images/social/pinterest-disabled.png",
                "active": "./images/social/pinterest-active.png"
            },
            "alt":{
                "disabled": "pinterest",
                "active": "pinterest"
            }
        },
        "link": [{
            "src": "./images/social/pinterest/usa.jpg",
            "heading": "Optoma USA",
            "title": "Optoma USA",
            "href": ""
        }]
    },{
        "id": "weibo",
        "icon": {
            "href": "./index.php?page=social#weibo",
            "title": "weibo",
            "src":{
                "disabled": "./images/social/weibo-disabled.png",
                "active": "./images/social/weibo-active.png"
            },
            "alt":{
                "disabled": "weibo",
                "active": "weibo"
            }
        },
        "link": [{
            "src": "./images/social/weibo/cn.jpg",
            "heading": "Optoma CN",
            "title": "Optoma CN",
            "href": ""
        }]
    },{
        "id": "wechat",
        "icon": {
            "href": "./index.php?page=social#wechat",
            "title": "wechat",
            "src":{
                "disabled": "./images/social/wechat-disabled.png",
                "active": "./images/social/wechat-active.png"
            },
            "alt":{
                "disabled": "wechat",
                "active": "wechat"
            }
        },
        "link": [{
            "src": "./images/social/wechat/cn.jpg",
            "heading": "Optoma CN",
            "title": "Optoma CN",
            "href": ""
        }]
    },{
        "id": "youku",
        "icon": {
            "href": "./index.php?page=social#youku",
            "title": "youku",
            "src":{
                "disabled": "./images/social/youku-disabled.png",
                "active": "./images/social/youku-active.png"
            },
            "alt":{
                "disabled": "youku",
                "active": "youku"
            }
        },
        "link": [{
            "src": "./images/social/wechat/cn.jpg",
            "heading": "Optoma CN",
            "title": "Optoma CN",
            "href": ""
        }]
    },{
        "id": "tiktok",
        "icon": {
            "href": "./index.php?page=social#tiktok",
            "title": "tiktok",
            "src":{
                "disabled": "./images/social/tiktok-disabled.png",
                "active": "./images/social/tiktok-active.png"
            },
            "alt":{
                "disabled": "tiktok",
                "active": "tiktok"
            }
        },
        "link": [{
            "src": "./images/social/tiktok/cn.jpg",
            "heading": "Optoma CN",
            "title": "Optoma CN",
            "href": ""
        }]
    }]
}