{
    "worldwide":[{
        "date":"June 23-26, 2019",
        "show":"ISTE",
        "locations":"Philadelphia, USA",
        "href":"#",
        "title":""
    },{
        "date":"June 12-14, 2019",
        "show":"Infocomm",
        "locations":"Orlando, USA",
        "href":"#",
        "title":""
    },{
        "date":"July 17-19, 2019",
        "show":"InfoComm China",
        "locations":"Beijing, China",
        "href":"#",
        "title":""
    },{
        "date":"February  24-26,2019",
        "show":"Prolight + Sound GUANGZHOU",
        "locations":"GuangZhou, China",
        "href":"#",
        "title":""
    },{
        "date":"February 5-8,2019",
        "show":"Integrated Sytstems Europe",
        "locations":"Amsterdam, Holland",
        "href":"#",
        "title":""
    }]
}